{
    "mask_path": "label/10.png",
    "background_path": "images/10.png",
    "target_pos": [
        254,
        485
    ],
    "direct_pos": [
        282,
        368
    ],
    "insert_pos": [
        309,
        325
    ],
    "guide_pos_lst": [
        [
            309.0,
            325.0
        ],
        [
            302.4964570905762,
            333.83426559972526
        ],
        [
            294.7870694356815,
            341.642218050936
        ],
        [
            286.0797437761084,
            348.3239339077711
        ],
        [
            276.58217900159696,
            353.83082138628555
        ],
        [
            266.4900561415912,
            358.160411099917
        ],
        [
            255.9784004191114,
            361.3488276600042
        ],
        [
            245.1962429561808,
            363.4623042887018
        ],
        [
            234.26425439789926,
            364.5888444966283
        ],
        [
            223.27476564050258,
            364.8307950157333
        ],
        [
            212.29350909587774,
            364.29875471498497
        ],
        [
            201.36245748127567,
            363.10696505868407
        ],
        [
            190.5032509854865,
            361.370130958816
        ],
        [
            179.72084274478502,
            359.2015033421911
        ],
        [
            169.00712687722157,
            356.7119998058344
        ],
        [
            158.34442695910215,
            354.01012687293377
        ],
        [
            147.7088101393072,
            351.20247776312993
        ],
        [
            137.08017113714075,
            348.3683960877677
        ],
        [
            126.45153164865057,
            345.53431376554875
        ],
        [
            115.82289207987543,
            342.7002317436185
        ]
    ],
    "guide_angle": 0,
    "radius": 4.5
}