{
    "mask_path": "./merged_tasks2/label/0.png",
    "background_path": "./merged_tasks2/images/0.png",
    "target_pos": [
        182,
        451
    ],
    "direct_pos": [
        318,
        398
    ],
    "insert_pos": [
        404,
        327
    ],
    "guide_pos_lst": [
        [
            404.0,
            327.0
        ],
        [
            395.60223395347094,
            333.88443367247277
        ],
        [
            387.2009298960248,
            340.98547607690017
        ],
        [
            378.71457107117953,
            347.7622353984539
        ],
        [
            369.98412817057135,
            354.22620980858943
        ],
        [
            360.92263701580123,
            360.22594006409906
        ],
        [
            351.48102160757793,
            365.6216520271645
        ],
        [
            341.6464294619401,
            370.28416158883664
        ],
        [
            331.4414697065088,
            374.10114138577865
        ],
        [
            320.9208015112792,
            376.9870103683859
        ],
        [
            310.163177848596,
            378.8923170517206
        ],
        [
            299.25964108096866,
            379.80964484829144
        ],
        [
            288.30019763361884,
            379.774510554886
        ],
        [
            277.36175931536474,
            378.86124492845
        ],
        [
            266.4995769437907,
            377.17532080354624
        ],
        [
            255.74346277254918,
            374.84308995931536
        ],
        [
            245.09804174268055,
            372.00537547583633
        ],
        [
            234.54868836036118,
            368.79877891247526
        ],
        [
            224.06407315069129,
            365.37348423786784
        ],
        [
            213.62684835310324,
            361.793489144848
        ],
        [
            203.20333030711637,
            358.16629894383516
        ],
        [
            192.75925860314703,
            354.6045845614756
        ],
        [
            182.28295827357263,
            351.12926719555367
        ],
        [
            171.83046125734015,
            347.5335647360958
        ],
        [
            161.5415383100991,
            343.50884823011637
        ],
        [
            151.56205543456412,
            338.7585673361704
        ],
        [
            141.32718595698097,
            334.7923030337672
        ],
        [
            130.48633850812365,
            333.2184501875073
        ],
        [
            119.5730587045306,
            333.7661784160118
        ],
        [
            109.1602871300382,
            336.9632449479986
        ],
        [
            100.08720408011025,
            342.8930925840022
        ],
        [
            93.37724030559913,
            351.3219103354079
        ]
    ],
    "guide_angle": 20.0,
    "radius": 4.5
}