{
    "mask_path": "./merged_tasks2/label/4.png",
    "background_path": "./merged_tasks2/images/4.png",
    "target_pos": [
        82,
        213
    ],
    "direct_pos": [
        294,
        93
    ],
    "insert_pos": [
        361,
        93
    ],
    "guide_pos_lst": [
        [
            361.0,
            93.0
        ],
        [
            350.0014058605342,
            92.875651741373
        ],
        [
            339.0028889489179,
            92.7804496727384
        ],
        [
            328.0221945351118,
            93.2690979976661
        ],
        [
            317.12236140069086,
            94.66869190346135
        ],
        [
            306.350547546032,
            96.87292059420989
        ],
        [
            295.687946061901,
            99.57075981900705
        ],
        [
            285.07301761339085,
            102.45571445963459
        ],
        [
            274.4279706886592,
            105.22406437998255
        ],
        [
            263.68514334009444,
            107.57029097530872
        ],
        [
            252.81346667884156,
            109.18426320635203
        ],
        [
            241.84533259380956,
            109.85577026563523
        ],
        [
            230.85807616711787,
            109.5783973515685
        ],
        [
            219.92292239652784,
            108.45419351350014
        ],
        [
            209.0862769748449,
            106.59674135511769
        ],
        [
            198.370998135113,
            104.12637807413796
        ],
        [
            187.77901043614827,
            101.16655099056969
        ],
        [
            177.29482993143634,
            97.8413974381907
        ],
        [
            166.8896428385136,
            94.27446528591108
        ],
        [
            156.5256792964253,
            90.58836849145898
        ],
        [
            146.17204491492856,
            86.87322985416851
        ]
    ],
    "guide_angle": 0.0,
    "radius": 4.5
}