{
    "mask_path": "./merged_tasks2/label/5.png",
    "background_path": "./merged_tasks2/images/5.png",
    "target_pos": [
        28,
        345
    ],
    "direct_pos": [
        282,
        368
    ],
    "insert_pos": [
        309,
        325
    ],
    "guide_pos_lst": [
        [
            309.0,
            325.0
        ],
        [
            302.4964022944822,
            333.8346383175796
        ],
        [
            294.78668660149697,
            341.642256400163
        ],
        [
            286.07907190619835,
            348.3239734993597
        ],
        [
            276.581256714799,
            353.83077477515354
        ],
        [
            266.4889517166914,
            358.16023576983633
        ],
        [
            255.9771873428465,
            361.3485087148648
        ],
        [
            245.19499058170376,
            363.4618464364611
        ],
        [
            234.2630237614626,
            364.5882672325271
        ],
        [
            223.2736074358109,
            364.83012743723793
        ],
        [
            212.29246339564085,
            364.2980294780434
        ],
        [
            201.361555032429,
            363.1062119261061
        ],
        [
            190.5025155838615,
            361.3693709999593
        ],
        [
            179.72029331277258,
            359.2007474990321
        ],
        [
            169.00677615053146,
            356.7112603327023
        ],
        [
            158.34427344939482,
            354.00944974060934
        ],
        [
            147.70882862354551,
            351.20197702092406
        ],
        [
            137.0803202003598,
            348.36823152799747
        ],
        [
            126.45168927801733,
            345.53411753607344
        ],
        [
            115.8230438967268,
            342.70005757031817
        ]
    ],
    "guide_angle": 0,
    "radius": 4.5
}