{
    "mask_path": "label/2.png",
    "background_path": "images/2.png",
    "target_pos": [
        316,
        13
    ],
    "direct_pos": [
        294,
        93
    ],
    "insert_pos": [
        361,
        93
    ],
    "guide_pos_lst": [
        [
            361.0,
            93.0
        ],
        [
            350.00319513478104,
            92.87475319366709
        ],
        [
            339.0282370108955,
            92.78271794014006
        ],
        [
            328.0456185195525,
            93.26741577418245
        ],
        [
            317.13582534261644,
            94.66133428353523
        ],
        [
            306.35274348833633,
            96.8632609624267
        ],
        [
            295.6798881030523,
            99.56122094349185
        ],
        [
            285.0560429753313,
            102.4494006304091
        ],
        [
            274.40318189747967,
            105.22365567793673
        ],
        [
            263.6527879546328,
            107.57618460042579
        ],
        [
            252.77282595340353,
            109.19211108734932
        ],
        [
            241.79582697727608,
            109.85410018476894
        ],
        [
            230.79933090054178,
            109.56492176988732
        ],
        [
            219.85704909997938,
            108.42294729149637
        ],
        [
            209.01555235448865,
            106.54578650071083
        ],
        [
            198.29725046632367,
            104.0560301926408
        ],
        [
            187.70344662084216,
            101.07826646770391
        ],
        [
            177.2177895616706,
            97.73786173826844
        ],
        [
            166.81015490379238,
            94.16060360747838
        ],
        [
            156.4412148347412,
            90.4721654157891
        ],
        [
            146.07926657082655,
            86.76419381118608
        ]
    ],
    "guide_angle": 0.0,
    "radius": 4.5
}