{
    "mask_path": "label/2.png",
    "background_path": "images/2.png",
    "target_pos": [
        230,
        114
    ],
    "direct_pos": [
        294,
        93
    ],
    "insert_pos": [
        361,
        93
    ],
    "guide_pos_lst": [
        [
            361.0,
            93.0
        ],
        [
            350.0013015327276,
            92.88152177107311
        ],
        [
            339.0026919266368,
            92.79801579424606
        ],
        [
            328.02211682483676,
            93.29313085704258
        ],
        [
            317.1213142042036,
            94.68730930026341
        ],
        [
            306.3458315635945,
            96.87411640742278
        ],
        [
            295.6772690584853,
            99.54817957707328
        ],
        [
            285.0566289401316,
            102.4118182450833
        ],
        [
            274.4092401443155,
            105.17139861793044
        ],
        [
            263.66902580703737,
            107.53100341207377
        ],
        [
            252.8031487049931,
            109.18753854024942
        ],
        [
            241.8391268460364,
            109.93276521825005
        ],
        [
            230.8493679020799,
            109.75557264195724
        ],
        [
            219.90285625955315,
            108.74648838846112
        ],
        [
            209.04768073441048,
            107.00176366570209
        ],
        [
            198.31284316444197,
            104.62002737824778
        ],
        [
            187.7105624940737,
            101.69987613165621
        ],
        [
            177.2388193657815,
            98.33831979399942
        ],
        [
            166.88396589279446,
            94.62997334604077
        ],
        [
            156.6232893992676,
            90.66686625195034
        ],
        [
            146.43077873384112,
            86.53072949816111
        ],
        [
            136.2829637799456,
            82.28576371364208
        ],
        [
            126.15769347365683,
            77.98709750227995
        ],
        [
            116.03800281232789,
            73.67528856816574
        ],
        [
            105.91829567514336,
            69.36349896617823
        ]
    ],
    "guide_angle": 0.0,
    "radius": 4.5
}