{
    "mask_path": "./merged_tasks2/label/5.png",
    "background_path": "./merged_tasks2/images/5.png",
    "target_pos": [
        254,
        485
    ],
    "direct_pos": [
        282,
        368
    ],
    "insert_pos": [
        309,
        325
    ],
    "guide_pos_lst": [
        [
            309.0,
            325.0
        ],
        [
            303.14640266455734,
            334.31319505603636
        ],
        [
            297.2840985083645,
            343.620924690063
        ],
        [
            291.4131905979301,
            352.9232614935966
        ],
        [
            285.5355197187856,
            362.2213611560112
        ],
        [
            279.6535165888682,
            371.5167493938622
        ]
    ],
    "guide_angle": 0,
    "radius": 4.5
}