{
    "mask_path": "label/5.png",
    "background_path": "images/5.png",
    "target_pos": [
        155,
        480
    ],
    "direct_pos": [
        188,
        335
    ],
    "insert_pos": [
        257,
        297
    ],
    "guide_pos_lst": [
        [
            257.0,
            297.0
        ],
        [
            247.59387352335773,
            302.68579925225885
        ],
        [
            238.56246820402353,
            308.96025190935563
        ],
        [
            229.72724125502342,
            315.51246567726054
        ],
        [
            220.89619480243644,
            322.07040105346545
        ],
        [
            211.87709140858314,
            328.362827792353
        ],
        [
            202.49041125648145,
            334.0813401133245
        ],
        [
            192.5947023307584,
            338.840413634135
        ],
        [
            182.14080831076853,
            342.13878918573624
        ],
        [
            171.27624639475292,
            343.34085114555336
        ],
        [
            160.51419375626355,
            341.72970300246493
        ],
        [
            150.92903394536137,
            336.72936526246275
        ],
        [
            143.76920701234226,
            328.61724056438044
        ],
        [
            139.56307380877598,
            318.5784447195997
        ],
        [
            135.41121965950828,
            308.50739465562725
        ],
        [
            128.36277777701306,
            300.2916366585905
        ],
        [
            118.7292592133107,
            295.62028458673944
        ],
        [
            108.11295364758823,
            296.0637052719472
        ],
        [
            99.1391630051002,
            301.75348966263755
        ],
        [
            94.21002568921679,
            311.1665747106313
        ]
    ],
    "guide_angle": 30,
    "radius": 4.5
}