{
    "mask_path": "label\\2.png",
    "background_path": "images\\2.png",
    "target_pos": [
        104,
        476
    ],
    "direct_pos": [
        282,
        368
    ],
    "insert_pos": [
        309,
        325
    ],
    "guide_pos_lst": [
        [
            309.0,
            325.0
        ],
        [
            302.4964618719139,
            333.83422921338536
        ],
        [
            294.7870973614836,
            341.6422050950109
        ],
        [
            286.07979147586263,
            348.32390904683996
        ],
        [
            276.5822451889492,
            353.8307931863181
        ],
        [
            266.49013852753586,
            358.1603890704692
        ],
        [
            255.97849561233164,
            361.34882197114376
        ],
        [
            245.19634617526168,
            363.4623241648754
        ],
        [
            234.26435977348402,
            364.5888965449485
        ],
        [
            223.27486699158413,
            364.83088202762417
        ],
        [
            212.29360086909566,
            364.29887503794106
        ],
        [
            201.36253558999724,
            363.10711251946117
        ],
        [
            190.50331336415488,
            361.37029528292487
        ],
        [
            179.72088955856188,
            359.2016707808266
        ],
        [
            169.00716058960927,
            356.7121530482274
        ],
        [
            158.34445277880528,
            354.01024259955136
        ],
        [
            147.7088370747302,
            351.2025212578154
        ],
        [
            137.0802099578814,
            348.36832697347097
        ],
        [
            126.45159612635166,
            345.53414835911036
        ],
        [
            115.82298576624886,
            342.69995674841283
        ]
    ],
    "guide_angle": 0,
    "radius": 4.5
}