{
    "mask_path": "label\\1.png",
    "background_path": "images\\1.png",
    "target_pos": [
        76,
        50
    ],
    "direct_pos": [
        294,
        93
    ],
    "insert_pos": [
        361,
        93
    ],
    "guide_pos_lst": [
        [
            361.0,
            93.0
        ],
        [
            350.0001119156581,
            92.96516644132866
        ],
        [
            339.00037862642,
            92.97181117409875
        ],
        [
            328.0052771246446,
            93.24159319758982
        ],
        [
            317.0305385777378,
            93.94454646483823
        ],
        [
            306.10003200239584,
            95.15151953545552
        ],
        [
            295.2403350319033,
            96.8819804375405
        ],
        [
            284.4799941540976,
            99.14882218126098
        ],
        [
            273.8484846997428,
            101.95807663884936
        ],
        [
            263.37507560920295,
            105.30882464790311
        ],
        [
            253.08765707721528,
            109.19331836238892
        ],
        [
            243.0417100980305,
            113.6606679250657
        ],
        [
            233.36158617953885,
            118.86366292804615
        ],
        [
            224.2326284358166,
            124.97235849564774
        ],
        [
            215.87840554686412,
            132.09491824206245
        ],
        [
            207.2678214407086,
            138.84440348373056
        ],
        [
            197.48955681392675,
            143.77648541800565
        ],
        [
            186.95224454407307,
            146.738521135747
        ],
        [
            176.04935134623824,
            147.30976182493023
        ],
        [
            165.41609859244522,
            144.9859193847449
        ],
        [
            156.03865386379965,
            139.5320981051968
        ]
    ],
    "guide_angle": -20,
    "radius": 4.5
}