{
    "mask_path": "label\\3.png",
    "background_path": "images\\3.png",
    "target_pos": [
        45,
        344
    ],
    "direct_pos": [
        188,
        335
    ],
    "insert_pos": [
        257,
        297
    ],
    "guide_pos_lst": [
        [
            257.0,
            297.0
        ],
        [
            247.45265737153704,
            302.460473594161
        ],
        [
            238.11727443825308,
            308.27388121784514
        ],
        [
            229.0710929505587,
            314.52544406056745
        ],
        [
            220.40341678198132,
            321.2894159848117
        ],
        [
            212.2166350185012,
            328.62533267716907
        ],
        [
            204.62611166983277,
            336.57376483350754
        ],
        [
            197.72104789600863,
            345.1241816460669
        ],
        [
            191.5118053988194,
            354.1948281317552
        ],
        [
            185.95306835834845,
            363.6800799782849
        ],
        [
            180.98294183336324,
            373.48831136773197
        ],
        [
            176.5267727127631,
            383.5419367613169
        ],
        [
            172.50046494218947,
            393.7764797109072
        ],
        [
            168.81321504177004,
            404.1389179612652
        ],
        [
            165.36968210258325,
            414.58552150215536
        ],
        [
            162.07166928799018,
            425.07935710552556
        ],
        [
            159.75598259919053,
            435.79027297563516
        ],
        [
            159.30737118907214,
            446.7414084898984
        ],
        [
            160.72697390874376,
            457.60854223751755
        ],
        [
            163.9921174556459,
            468.06942261071686
        ]
    ],
    "guide_angle": 10.0,
    "radius": 4.5
}