{
    "mask_path": "label\\4.png",
    "background_path": "images\\4.png",
    "target_pos": [
        305,
        469
    ],
    "direct_pos": [
        318,
        398
    ],
    "insert_pos": [
        404,
        327
    ],
    "guide_pos_lst": [
        [
            404.0,
            327.0
        ],
        [
            395.6025794351171,
            333.936427171194
        ],
        [
            387.2211932890982,
            341.060970816175
        ],
        [
            378.70487701195606,
            347.8531302416941
        ],
        [
            369.9192398635476,
            354.29793426683636
        ],
        [
            360.79182947841184,
            360.25719581461084
        ],
        [
            351.28385652397424,
            365.60127587436494
        ],
        [
            341.387791965354,
            370.2066189685565
        ],
        [
            331.12838246817375,
            373.963155361794
        ],
        [
            320.5609022897231,
            376.78556168888144
        ],
        [
            309.7643043776385,
            378.62420970571276
        ],
        [
            298.82978024326457,
            379.47281941136686
        ],
        [
            287.84702106143044,
            379.3707409305319
        ],
        [
            276.8913723399034,
            378.39906054620957
        ],
        [
            266.01490855299267,
            376.67134903390166
        ],
        [
            255.24366927176465,
            374.31919881078267
        ],
        [
            244.5820591165347,
            371.4778537410654
        ],
        [
            234.0160292473996,
            368.27290712472285
        ],
        [
            223.52876137614018,
            364.81180354116213
        ],
        [
            213.08818995113936,
            361.20165234627433
        ],
        [
            202.6578845283508,
            357.5596394041661
        ],
        [
            192.19574646447984,
            354.023212121735
        ],
        [
            181.6892522999312,
            350.62296751691827
        ],
        [
            171.18714278897838,
            347.14167529679935
        ],
        [
            160.83786091916642,
            343.228553729004
        ],
        [
            150.7904478760509,
            338.58801139209055
        ],
        [
            140.50376835843548,
            334.7284301577775
        ],
        [
            129.6480002629273,
            333.21054223666937
        ],
        [
            118.74250473958219,
            333.8096422952239
        ],
        [
            108.35952223673841,
            337.0237764533333
        ],
        [
            99.34097907430954,
            342.98687139332986
        ],
        [
            92.7155593513261,
            351.4429176309312
        ]
    ],
    "guide_angle": 20.0,
    "radius": 4.5
}