{
    "mask_path": "label\\1.png",
    "background_path": "images\\1.png",
    "target_pos": [
        75,
        222
    ],
    "direct_pos": [
        294,
        93
    ],
    "insert_pos": [
        361,
        93
    ],
    "guide_pos_lst": [
        [
            361.0,
            93.0
        ],
        [
            350.00086545128926,
            92.93998035621718
        ],
        [
            339.00246425528593,
            92.92081252431532
        ],
        [
            328.01097258228936,
            93.25588780456958
        ],
        [
            317.05350851576395,
            94.1666399967187
        ],
        [
            306.16262155081245,
            95.68698792112394
        ],
        [
            295.36215161526644,
            97.75763425088434
        ],
        [
            284.6664599248765,
            100.31758294096626
        ],
        [
            274.08158684014825,
            103.30485061883127
        ],
        [
            263.6060937957569,
            106.6571707783205
        ],
        [
            253.23200366528155,
            110.31250240440727
        ],
        [
            242.9458226466596,
            114.20932756419856
        ],
        [
            232.729593903339,
            118.28674366230568
        ],
        [
            222.5619683449213,
            122.48437100257964
        ],
        [
            212.4192916128755,
            126.74217423968109
        ],
        [
            202.2829956200557,
            131.01518770091997
        ],
        [
            192.1472547762289,
            135.28909823700957
        ]
    ],
    "guide_angle": 0.0,
    "radius": 4.5
}