{
    "mask_path": "label\\1.png",
    "background_path": "images\\1.png",
    "target_pos": [
        424,
        363
    ],
    "direct_pos": [
        105,
        238
    ],
    "insert_pos": [
        45,
        234
    ],
    "guide_pos_lst": [
        [
            45.0,
            234.0
        ],
        [
            55.97843905293949,
            234.6868922548578
        ],
        [
            66.96113454915516,
            235.30310046910103
        ],
        [
            77.9456114969586,
            235.88721469674124
        ],
        [
            88.92968851607066,
            236.4786837488313
        ],
        [
            99.91111528823437,
            237.1167596504024
        ],
        [
            110.88722663227246,
            237.83944654545465
        ],
        [
            121.85465640525973,
            238.68247552806025
        ],
        [
            132.8091585627304,
            239.678329748217
        ],
        [
            143.7455685200189,
            240.85534703004222
        ],
        [
            154.6579221874339,
            242.23692989728232
        ],
        [
            165.53973167742046,
            243.84089370941712
        ],
        [
            176.3843977600692,
            245.67898133598774
        ],
        [
            187.18572192471802,
            247.75656681559323
        ],
        [
            197.9384675654297,
            250.07256096483388
        ],
        [
            208.65208599854404,
            252.5654914081014
        ],
        [
            219.3639898603163,
            255.06595353527746
        ],
        [
            230.12208350176047,
            257.3542577607104
        ],
        [
            240.96044689297347,
            259.21319234730163
        ],
        [
            251.886299342125,
            260.4322318570354
        ],
        [
            262.8697884306158,
            260.81464834214563
        ],
        [
            273.83838894873986,
            260.1878516183268
        ],
        [
            284.6776526064371,
            258.416011592754
        ],
        [
            295.23939807453587,
            255.41269279796782
        ],
        [
            305.35706391233833,
            251.15035151809283
        ],
        [
            314.7874815703403,
            245.54829410798075
        ],
        [
            324.22158912010076,
            239.95368324776524
        ],
        [
            334.30490913663493,
            235.5935572757823
        ],
        [
            344.7928828323808,
            232.33345962652905
        ],
        [
            355.61516988469094,
            230.6251247288282
        ],
        [
            366.5134501119802,
            231.24151517828727
        ],
        [
            376.75839930767165,
            234.85134401445237
        ]
    ],
    "guide_angle": -20,
    "radius": 4.5
}